"Residue","Region","in_integration","cor_with_act","p_value","n_times","consistency","mean_mixing","mix_weighted_corr","n_systems","interfaces","interface_freq","interface_weighted_score"
343,"SH1C",TRUE,0.895749680033675,3.45540784979593e-05,8,1,0.776394720627622,0.695455322582027,13,"SH1",1,1.39091064516405
66,"SH3",TRUE,0.751742936618276,0.00304303709744558,8,1,0.766459361722954,0.576180411380183,13,"SH3",1,1.15236082276037
228,"Linker",TRUE,0.604442291334684,0.0286570934526613,8,1,0.896894392175927,0.542120901492046,13,"Linker-SH2",1,1.08424180298409
226,"SH2",TRUE,0.646273626232757,0.0170035530193579,8,1,0.768794392175927,0.496851539658945,13,"SH2",1,0.99370307931789
304,"SH1N",TRUE,0.573942334728829,0.0402549393432837,8,1,0.833859086171446,0.478587030752088,13,"SH1",1,0.957174061504176
266,"SH1N",TRUE,0.505626609521637,0.0779427860329944,8,1,0.860769100956791,0.43522776209777,13,"SH1",1,0.87045552419554
307,"SH1N",TRUE,0.555712514845893,0.0486267398801172,8,1,0.776783124370545,0.431668103533806,13,"SH1",1,0.863336207067611
250,"SH1N",TRUE,0.999591034194458,2.46032309287076e-18,8,1,0.791153651435186,0.79083009664482,0,"none",0,0.79083009664482
245,"Linker",TRUE,0.49025614856742,0.0889748034525456,8,1,0.775043820605573,0.379969998461066,13,"SH1-Linker",1,0.759939996922133
488,"SH1C",TRUE,0.864155543521838,0.00013912860527249,8,1,0.860769100956791,0.74383839028412,0,"none",0,0.74383839028412
73,"SH3",TRUE,0.980971122942159,3.53209487129945e-09,8,1,0.758207079475851,0.74377925017612,0,"none",0,0.74377925017612
312,"SH1N",TRUE,0.452735663475369,0.120305939990389,8,1,0.821426499496436,0.371889071245769,13,"SH1",1,0.743778142491538
227,"Linker",TRUE,0.481291692307083,0.0958820368091127,8,1,0.768794392175927,0.370014354046547,13,"Linker-SH2",1,0.740028708093095
65,"SH3",TRUE,0.956467069207528,3.19337315014533e-07,8,1,0.764544532743561,0.731261668511872,0,"none",0,0.731261668511872
325,"SH1N",TRUE,0.897606635625673,3.14172085435297e-05,8,1,0.776394720627622,0.696897053100094,0,"none",0,0.696897053100094
326,"SH1N",TRUE,0.846542810126271,0.000262540536819368,8,1,0.821426499496436,0.6953726971959,0,"none",0,0.6953726971959
265,"SH1N",TRUE,0.436871990949595,0.135524356027933,8,1,0.860769100956791,0.376045910882886,11,"SH1",0.846153846153846,0.694238604706866
255,"SH1N",TRUE,0.871399034165899,0.000104433277535907,8,1,0.786751879489896,0.685574827915701,0,"none",0,0.685574827915701
244,"Linker",TRUE,0.42992073532584,0.142575413378481,8,1,0.787076993138008,0.338380719647943,13,"SH1-Linker",1,0.676761439295886
481,"SH1C",TRUE,0.882734140971096,6.43097212321044e-05,8,1,0.764544532743561,0.674889561345535,0,"none",0,0.674889561345535
347,"SH1C",TRUE,0.833138020930929,0.000404970190869371,8,1,0.776783124370545,0.64716755493062,0,"none",0,0.64716755493062
116,"SH3",TRUE,0.808545603656079,0.000820321383959801,8,1,0.791153651435186,0.639683806684374,0,"none",0,0.639683806684374
263,"SH1N",TRUE,0.742304063137613,0.00366270947748227,8,1,0.860769100956791,0.638952401063536,0,"none",0,0.638952401063536
324,"SH1N",TRUE,0.819497728968382,0.000606777456992517,8,1,0.776394720627622,0.636253710337377,0,"none",0,0.636253710337377
373,"SH1C",TRUE,0.790520162761859,0.00129647621262264,8,1,0.791153651435186,0.625422913302182,0,"none",0,0.625422913302182
346,"SH1C",TRUE,0.40224094928719,0.173019010167996,8,1,0.776783124370545,0.312453981337078,13,"SH1",1,0.624907962674155
258,"SH1N",TRUE,0.822744581442198,0.000552782478606946,8,1,0.758207079475851,0.62381076624987,0,"none",0,0.62381076624987
308,"SH1N",TRUE,0.391251138968102,0.186172961964673,8,1,0.776783124370545,0.303917282141177,13,"SH1",1,0.607834564282354
351,"SH1C",TRUE,0.781256836400239,0.00161354063877946,8,1,0.776783124370545,0.606867126314826,0,"none",0,0.606867126314826
260,"SH1N",TRUE,0.798191465637094,0.00107283799896785,8,1,0.758207079475851,0.60519442002325,0,"none",0,0.60519442002325
384,"SH1C",TRUE,0.767323849796146,0.00220124399063214,8,1,0.784937969519534,0.602301624622899,0,"none",0,0.602301624622899
146,"SH2",TRUE,0.373308622448505,0.208972174724241,8,1,0.788381087072107,0.294309457579343,13,"SH1â€“SH2",1,0.588618915158685
264,"SH1N",TRUE,0.674802278272998,0.011395936797916,8,1,0.860769100956791,0.580848950392642,0,"none",0,0.580848950392642
322,"SH1N",TRUE,0.742280834635015,0.00366434598365442,8,1,0.776394720627622,0.57630292123369,0,"none",0,0.57630292123369
294,"SH1N",TRUE,0.546375800725687,0.0533663268237712,8,1,0.824970275245156,0.450743794711962,3,"SH1",0.230769230769231,0.554761593491646
475,"SH1C",TRUE,0.703532152687718,0.0072903669431279,8,1,0.769035809012358,0.541041418208405,0,"none",0,0.541041418208405
256,"SH1N",TRUE,0.67700320038633,0.0110307205571389,8,1,0.793788784351855,0.53739754743698,0,"none",0,0.53739754743698
323,"SH1N",TRUE,0.690644412143428,0.00896085760133465,8,1,0.776394720627622,0.536212675419125,0,"none",0,0.536212675419125
372,"SH1C",TRUE,0.677003200386331,0.0110307205571388,8,1,0.788518518518519,0.533829560600925,0,"none",0,0.533829560600925
286,"SH1N",TRUE,0.62810743363135,0.0215157286826638,8,1,0.828156371816678,0.520171173347224,0,"none",0,0.520171173347224
83,"SH3",TRUE,0.666911427989419,0.0127809336767994,8,1,0.765105231931472,0.510257422789594,0,"none",0,0.510257422789594
69,"SH3",TRUE,0.660712354924737,0.0139551452969618,8,1,0.766459361722954,0.506409169838084,0,"none",0,0.506409169838084
342,"SH1C",TRUE,0.656363812607686,0.0148260120220693,8,1,0.770332821682174,0.505618587816148,0,"none",0,0.505618587816148
420,"SH1C",TRUE,0.605431926850998,0.0283276243221955,8,1,0.831318024536018,0.503306473420807,0,"none",0,0.503306473420807
